"","full","no_pol","no_dem","no_poly_no_demi"
"araneae",500.834801985979,498.443817904873,498.8499829794,496.103842921416
