"","full","no_pol","no_dem","no_poly_no_demi"
"asteraceae",16489.3789364398,20548.4273312597,18288.3553496345,NA
