"","full","no_pol","no_dem","no_poly_no_demi"
"bryophyta",1073.8557118331,1226.15179825642,1081.77890093593,1468.82726188292
