"","full","no_pol","no_dem","no_poly_no_demi"
"carabidae",363.198999820512,361.422476512719,366.617167557001,369.419820939817
