"","full","no_pol","no_dem","no_poly_no_demi"
"characidae",652.455549263507,675.871000767048,669.148054901221,877.748981102619
