"","full","no_pol","no_dem","no_poly_no_demi"
"curculionidae",144.4538682636,151.150771747559,160.046493159946,166.572036365665
