"","full","no_pol","no_dem","no_poly_no_demi"
"gobiidae",268.659255194759,269.606788177775,349.362989243909,NA
