"","full","no_pol","no_dem","no_poly_no_demi"
"hydrophilidae",56.447142603893,54.4471423449287,59.5839253295527,61.5437627607642
