"","full","no_pol","no_dem","no_poly_no_demi"
"magnoliaceae",119.256637443774,307.97028168236,328.883394142403,391.631678470131
