"","full","no_pol","no_dem","no_poly_no_demi"
"passeriformes",1519.60341845771,1519.60341845771,1538.78894603729,1538.78894603729
