"","full","no_pol","no_dem","no_poly_no_demi"
"primates",444.105650948203,443.915104952283,450.092583979056,467.970855979635
