"","full","no_pol","no_dem","no_poly_no_demi"
"scorpiones",233.274905198746,231.274905197047,254.0323165255,251.923215147614
