"","full","no_pol","no_dem","no_poly_no_demi"
"accipitriformes",240.990267728959,238.99021797384,238.990217986646,236.990217972681
