"","full","no_pol","no_dem","no_poly_no_demi"
"caudata",373.336128105021,367.172744928538,472.26740884658,495.541537925648
