"","full","no_pol","no_dem","no_poly_no_demi"
"cetacea",24.9436223860202,22.9437908942038,22.9673039954027,20.9436193064099
