"","full","no_pol","no_dem","no_poly_no_demi"
"chiroptera",708.967883728161,706.967883070637,736.963722285711,732.422857212533
