"","full","no_pol","no_dem","no_poly_no_demi"
"chondrichthyes",480.198342181393,480.999670398136,500.367255997979,524.470285814213
