"","full","no_pol","no_dem","no_poly_no_demi"
"chrysomelidae",809.056142531995,817.844537871414,894.23915292936,957.531233542528
