"","full","no_pol","no_dem","no_poly_no_demi"
"cricetidae",584.046617279062,591.630744665551,582.046617274094,615.963621470015
