"","full","no_pol","no_dem","no_poly_no_demi"
"dytiscidae",108.136463769711,114.779942441618,106.136463744654,132.285523473536
