"","full","no_pol","no_dem","no_poly_no_demi"
"galliformes",278.191954099116,283.222738750893,288.291109257301,321.864897245159
