"","full","no_pol","no_dem","no_poly_no_demi"
"gekkonidae",226.826831651108,224.865491607757,236.34548116862,235.634577380562
