"","full","no_pol","no_dem","no_poly_no_demi"
"phasmatodea",56.6784778268811,59.3813704063525,54.6784759957976,65.4547841945912
