"","full","no_pol","no_dem","no_poly_no_demi"
"serpentes",530.564561829408,528.564559672355,528.564559686329,526.564559668263
