"","full","no_pol","no_dem","no_poly_no_demi"
"tenebrionidae",91.7547210145396,94.9659345044363,89.7547209322613,109.43773412292
