"","full","no_pol","no_dem","no_poly_no_demi"
"carnivora",423.823874510862,452.035553134025,443.563109294384,556.68530819654
