"","full","no_pol","no_dem","no_poly_no_demi"
"cyprinidae",573.33563354979,780.805175614364,1305.81151896862,2205.97326623587
