"","full","no_pol","no_dem","no_poly_no_demi"
"hemiptera",233.553767547538,231.553767548148,230.089642110515,238.39758949946
