"","full","no_pol","no_dem","no_poly_no_demi"
"hymenoptera",1858.07330938645,1882.07225791238,1943.69196497036,2120.76203509109
