"","full","no_pol","no_dem","no_poly_no_demi"
"iguania",1307.78741703065,1315.43546950533,1435.07778847607,1440.4839251641
