"","full","no_pol","no_dem","no_poly_no_demi"
"rubiaceae",2720.64348013383,4402.0939402013,3882.00405543481,NA
