"","full","no_pol","no_dem","no_poly_no_demi"
"scarabidae",462.304567584253,461.637963345762,501.31898995685,511.507442483856
