"","full","no_pol","no_dem","no_poly_no_demi"
"testudines",316.727845259226,326.090108989682,377.085435327786,442.785353232812
