"i","asc1","desc1","dem1","p"
1,8.24255502150653,5.33873953270854,0.393948507717701,-157.96632177579
