"i","asc1","desc1","pol1","dem1","p"
1,3.85552455158904,2.84393341485742,0.00916760470691525,0.62174196413242,-127.411083767345
