"i","asc1","desc1","pol1","dem1","p"
1,5.4119923131026,14.1636664601974,0.648165640717336,1.06638006727424,-1253.89157649085
