"i","asc1","desc1","pol1","dem1","p"
1,3.23159381258494,0.392588095220603,0.229286384314347,0.650584531049453,-257.805703849228
