"i","asc1","desc1","pol1","dem1","p"
1,47.7021999156833,292.515844768379,19.6420421388508,0.700064033281786,-11333.681287211
