"i","asc1","desc1","pol1","dem1","p"
1,2.91834090044722,0.00979063581717612,0.48371591990783,1.47781708096508,-107.994035940796
