"i","asc1","desc1","pol1","dem1","p"
1,1.16522555896449,1.4020149693394,1.05367450134115,1.10372184596956,-4147.3456993873
