"i","asc1","desc1","pol1","dem1","p"
1,17.3588533044915,8.09679906409596,3.69238866090128,0.0284024856133771,-697.03869376311
