"i","asc1","desc1","pol1","dem1","p"
1,2.13758832721112,6.92968300497159,0.107923029973154,0.492016945034266,-212.69142489494
