"i","asc1","desc1","pol1","dem1","p"
1,12.0607674742994,0.0965418193811318,0.0156354527785349,0.111454373544258,-288.19028246856
