"i","asc1","desc1","pol1","dem1","p"
1,0.805232703798905,0.723788095975635,0.179077439255732,0.629921862289871,-205.719495268751
