"i","asc1","desc1","p"
1,0.445977032314056,0.133813129768326,-10.9361916240596
