"i","asc1","desc1","pol1","dem1","p"
1,0.708940385313033,1.04514797232701,0.0558933882988843,0.132957230401608,-331.759387831315
