"i","asc1","desc1","pol1","dem1","p"
1,1.86281894766993,3.69557663844898,0.265722325976434,0.361456858384971,-377.392650361007
