"i","asc1","desc1","pol1","dem1","p"
1,0.64705015157318,4.0570836915464,0.302869405579125,0.241754275450459,-442.076529489255
