"i","asc1","desc1","pol1","dem1","p"
1,0.224994887502002,2.30362775726121,0.467228522074607,0.202933792866596,-135.499816899156
