"i","asc1","desc1","pol1","dem1","p"
1,0.218103210954488,0.915046718204394,0.353767141580813,0.481951040681165,-40.4292364217357
