"i","asc1","desc1","pol1","dem1","p"
1,18.617404465394,1.24793751899415,1.34549608962361,0.174471439914055,-395.00967829412
