"i","asc1","desc1","pol1","dem1","p"
1,0.16025420513338,0.477210823160278,0.841896927915514,1.16722014639527,-74.6519054870786
