"i","asc1","desc1","pol1","dem1","p"
1,0.171961521626793,0.352869475345368,0.102017738169125,0.102194160261818,-278.76323912983
