"i","asc1","desc1","pol1","dem1","p"
1,0.215125088017584,1.24664678866975,0.269084456545697,0.140845258967194,-269.12843610733
