"i","asc1","desc1","pol1","dem1","p"
1,0.674950785269177,1.01280992218737,1.4843644657071,0.440227545006125,-62.0005934457112
