"i","asc1","desc1","pol1","dem1","p"
1,0.266593887936324,3.36078758721277,1.248792300194,0.375750125616534,-3067.44030493535
