"i","asc1","desc1","pol1","dem1","p"
1,2.12073347708924,0.620185790973158,0.955079587409273,0.128836661413504,-127.384683192117
