"i","asc1","desc1","dem1","p"
1,2.38367126029662,9.87860055570491,4.36220229548271,-186.431326354197
