"i","asc1","desc1","pol1","dem1","p"
1,0.425360028737205,0.943165160162787,0.244889776168525,3.00414150673896,-129.481922027835
