"i","asc1","desc1","pol1","dem1","p"
1,3.61407485381888,1.50749420597191,2.12612325682398,0.899291047791819,-393.759226618421
