"i","asc1","desc1","pol1","dem1","p"
1,0.694408969487995,4.81706242616246,0.542707440094383,0.682558275251298,-134.097222227783
