"i","asc1","desc1","pol1","dem1","p"
1,0.663730343766883,0.312334348525838,0.723470618345652,0.698103583499057,-33.0155070854202
