"i","asc1","desc1","pol1","dem1","p"
1,17.937859073747,5.86725769424811,1.31818228727207,0.608004391599943,-1043.78722421984
