"i","asc1","desc1","pol1","dem1","p"
1,4.64533895603381,1.7313821525313,0.817607380077857,2.73910514004923,-660.954517602823
