"i","asc1","desc1","pol1","dem1","p"
1,9.89075071713887,23.4391705773305,0.872720017615754,0.629789511554101,-1233.70873008363
