"i","asc1","desc1","pol1","dem1","p"
1,2.68304653137553,1.2467790936681,6.72760739086119,1.26167421269305,-783.315581011396
