"i","asc1","desc1","pol1","dem1","p"
1,0.237911303499441,0.741789442274436,0.405790850845443,0.50453782123733,-99.0255027086686
