"i","asc1","desc1","pol1","dem1","p"
1,1.27815014944261,0.745060787005843,0.0127141495337303,0.147433672851338,-57.2807425293789
