"i","asc1","desc1","pol1","dem1","p"
1,10.249997551553,0.671703945503759,0.439226462857027,0.54188434755907,-221.674342930144
