"i","asc1","desc1","pol1","dem1","p"
1,10.1309515805915,0.653648920715923,2.23778931185405,0.185563885286879,-263.531000218088
