"i","asc1","desc1","pol1","dem1","p"
1,9.54663320747204,10.3183465219968,0.59131194155536,0.623712157271509,-4864.62908614616
