"i","asc1","desc1","dem1","p"
1,9.2151031002868,4.70385147281922,0.0624480920523782,-845.237570253799
