"i","asc1","desc1","pol1","dem1","p"
1,0.245964298890782,0.483723808879037,1.71156704326445,0.997757926816121,-228.360777973721
