"i","asc1","desc1","pol1","dem1","p"
1,1.23891503592847,0.683601513677155,0.0214310419093684,0.314917377921361,-33.0782361699548
