"i","asc1","desc1","pol1","dem1","p"
1,9.95198157565714,0.605362951298406,0.393705994612236,0.454987864953218,-260.968257539618
