"i","asc1","desc1","pol1","dem1","p"
1,0.229742951903517,0.228060643302241,0.82538520519645,0.434838009153629,-1360.73682456477
