"i","asc1","desc1","pol1","dem1","p"
1,0.932370791478256,0.942145815523269,0.472906225655345,0.701738602788696,-147.301720378886
