"i","asc1","desc1","pol1","dem1","p"
1,2.65396699349568,2.17640676616383,0.967759142147585,1.60073670458194,-153.29401001705
