"i","asc1","desc1","dem1","p"
1,1.24241751316004,0.873765329131857,0.448890828269717,-271.245066182302
