"i","asc1","desc1","pol1","dem1","p"
1,17.8779565063305,2.0060094706107,0.0809664990046111,0.0101530214121125,-434.664339962932
