"i","asc1","desc1","pol1","dem1","p"
1,3.16772717889398,1.74479633665431,0.887903751202514,4.78518789703958,-1232.41962299156
