"i","asc1","desc1","pol1","dem1","p"
1,2.673654357097,0.0509442777599271,0.206773888176139,0.0408056990003459,-51.7865732541582
