"i","asc1","desc1","pol1","dem1","p"
1,2.45337264000527,0.530126912968748,0.669852450388333,0.0211844881748358,-136.19405891255
