"","full","no_pol","no_dem","no_poly_no_demi"
"anabantiformes",182.426150109104,201.177781884429,180.426150108132,232.723532260103
