"","full","no_pol","no_dem","no_poly_no_demi"
"anura",2453.34223434706,2844.19021494326,2866.03996967063,5139.54417413294
