"","full","no_pol","no_dem","no_poly_no_demi"
"blattodea",193.957026034345,197.665547018806,200.901203390903,206.693419954728
