"","full","no_pol","no_dem","no_poly_no_demi"
"cichlidae",226.910461605411,225.482360908198,257.680081533561,255.696871773866
