"","full","no_pol","no_dem","no_poly_no_demi"
"coccinellidae",83.5465257519283,81.5465257511161,85.7218207247412,85.7131133997897
