"","full","no_pol","no_dem","no_poly_no_demi"
"drosophilidae",527.804576430663,525.804575074122,541.666558412263,539.666555328713
