"","full","no_pol","no_dem","no_poly_no_demi"
"fabaceae",5946.34931556666,7296.75743002125,6728.17395182076,NA
