"","full","no_pol","no_dem","no_poly_no_demi"
"fungi",215.321084777103,213.321083052436,213.321083053225,211.321083378627
