"","full","no_pol","no_dem","no_poly_no_demi"
"lepidoptera",2182.47547059525,2212.33589284975,2203.55862901396,2358.89122260185
