"","full","no_pol","no_dem","no_poly_no_demi"
"marsupialia",106.445826755797,104.4458267591,120.274831970292,118.461327378157
