"","full","no_pol","no_dem","no_poly_no_demi"
"muridae",332.510353855836,332.762514517997,336.798327367648,334.798327381221
