"","full","no_pol","no_dem","no_poly_no_demi"
"nothobranchiidae",409.808078590829,408.911754115638,419.688164383788,425.939020348952
