"","full","no_pol","no_dem","no_poly_no_demi"
"odonata",78.9015608327555,76.901553591059,101.700324052074,99.7003210508562
