"","full","no_pol","no_dem","no_poly_no_demi"
"orthoptera",98.1345171454282,111.18243710066,104.163968613446,113.795355210689
