"","full","no_pol","no_dem","no_poly_no_demi"
"passifloraceae",417.979746586088,529.769402099141,552.741578278222,739.634492486014
