"","full","no_pol","no_dem","no_poly_no_demi"
"scincoidea",248.63538050126,246.641188558497,259.465538332183,257.46553832501
