"","full","no_pol","no_dem","no_poly_no_demi"
"siluriformes",1385.58060544585,1422.60377817822,1783.20541279408,2063.93921211267
