"","full","no_pol","no_dem","no_poly_no_demi"
"solanaceae",1906.86888202042,3152.56386657479,2463.06237995594,5832.48305676865
